ObjectName,Time
Floor,0.5843316
Cube1,0
Cube2,1.138914
Cube3,3.256268
